bango,title,link
DASS-133,はじめてのNHレズセックス 人生初の筆下ろし、解禁。 柏木かなみ 波多野結衣 大槻ひびき,https://javdb.com/v/8VG45E
BUG-035,緑色肌メッシー美女 波多野結衣,https://javdb.com/v/35mad0
KANZ-270,S級美熟女列伝 960分 完全盤6枚組,https://javdb.com/v/wqAWVb
DVDMS-969,色白デカ尻の家事代行おばさんに即ハメ！デカチンの虜になった人妻が翌日勝手に押しかけてきたので満足するまで何度も中出ししてあげた2nd BEST 人妻6名収録！！ 2枚組10時間！！,https://javdb.com/v/vDk7ez
MRSS-144,酔っ払って帰ってきた妻が間違って隣人のゴミ部屋へ入ってしまい、僕と勘違いして中年オヤジに発情して中出しセックスした話 波多野結衣,https://javdb.com/v/O26Ovz
OVVR-269,bibi 業界屈指の舐め技体感3作品フル収録！体中が快感に打ち震える！！黒川すみれ 波多野結衣 森沢かな,https://javdb.com/v/0R1gJv
UMD-864,近親素股プレイでハプニング！！姉がセックスの伝授中にガマン出来ずにヌルンと挿入 3,https://javdb.com/v/W1Ez9Q
CEAD-486,Extreme（過激な）オナニスト！29 波多野結衣 2 ～10オナニー158分,https://javdb.com/v/W1edqB
CEAD-487,川上ゆう The Ultimate Best 8時間 2,https://javdb.com/v/9DZdMg
RVG-192,波多野結衣 BEST VOL.4,https://javdb.com/v/65AzwQ
XVSR-702,超絶濃厚！煩悩全開ねっとり中出しSEX12プレイ 波多野結衣 （ブルーレイディスク） （BOD）,https://javdb.com/v/GMExKD
UMSO-492,引っ越したシェアハウスの美人大家さんは、いつもノーブラでノーパン！？住人はその大家さんをシェアできるというパラダイスハウスだった！！ パンティと生写真付き,https://javdb.com/v/B8Ex54
UMSO-493,玄関先で宅配業者を誘惑してフェラ中に、隣の旦那さんが回覧板を持ってやって来た！！VOL.02 パンティと生写真付き,https://javdb.com/v/d45yVe
UMSO-495,魅力の体で全力運動！全裸フィットネス28人VOL.02,https://javdb.com/v/E2ExQx
CEAD-478,～激カワ激オコ地雷系彼女の取扱説明書～8時間11分,https://javdb.com/v/d45E5g
CEAD-479,波多野結衣＋大槻ひびき アナルレズ限定 The Ultimate Best8時間,https://javdb.com/v/NwEREZ
VRKM-920,【VR】超至近距離フェラチオ,https://javdb.com/v/wqBqy7
HIGM-158,愛する妻が1年間資産家の性奴●になる愛人契約 波多野結衣,https://javdb.com/v/W1egyK
DRNT-001,ユキ,https://javdb.com/v/g0nxeG
VOTAN-036,波多野とお風呂に入りませんか？ 波多野結衣,https://javdb.com/v/1B3ga9
VRKM-890,【VR】2022年超ヒット もっとも売れたタイトルTOP30 超人気作だけを集めた最強豪華BEST！！絶対満足500分,https://javdb.com/v/wqA8nn
UMD-862,潜入っ！！●●駅北口から徒歩2分！これがウワサの闇リフレ！！,https://javdb.com/v/d45rPa
KIWVR-484,【VR】深夜1時、日帰り出張先で終電逃してまさかの【死ぬほど大嫌いな部下と相部屋】に…。泥●中に襲われ凄テクでイカされ潮噴射…完全に快楽堕ちした【口内射精・中出し3発・顔射】美人先輩OL 波多野結衣,https://javdb.com/v/35D6Y9
BBSS-070,ぺロぺロこねくり乳首責め＆じゅぼじゅぼクリフェラでスケベ汁垂れ流しレズビアン痴女天国BEST！！,https://javdb.com/v/neVPG9
CEAD-477,波多野結衣＋推川ゆうり＋大槻ひびき2枚組ハイパーベスト5時間17分,https://javdb.com/v/rmVqwk
JUQ-237,放課後の濡れ透けプール掃除、憧れの水泳部顧問と二人きり…。 波多野結衣,https://javdb.com/v/vDMWNb
DVDM-922,【FANZA限定】MM号特別編 仲良しAV女優2人組がイキ潮3000ml噴出チャレンジ！W潮吹きで連続イキした決壊オマ○コにデカチン激ピストン中出し！inザ・マジックミラー 波多野結衣＆大槻ひびき/乙アリス＆真矢みつき/天馬ゆい＆佐野なつ 佐野なつさんのパンティとブロマイド付き,https://javdb.com/v/p3YXBB
DVDMS-922,MM号特別編 仲良しAV女優2人組がイキ潮3000ml噴出チャレンジ！W潮吹きで連続イキした決壊オマ○コにデカチン激ピストン中出し！inザ・マジックミラー 波多野結衣＆大槻ひびき/乙アリス＆真矢みつき/天馬ゆい＆佐野なつ,https://javdb.com/v/mexq6r
MMB-447,呑んで呑まれてハメまくり！ お酒大好き泥●美女10人,https://javdb.com/v/Az2pgP
STTCD-066,【お得セット】ニューハーフなつきと佳苗るかの奇妙な同棲生活・生粋の女顔ニューハーフの童貞喪失ドキュメント・ニューハーフ・星越かなめのアナルマ○コ破壊3SEX＋超ドエロ映像,https://javdb.com/v/76m2RZ
KIOVR-009,【VR】【脚フェチルーズソックス特化VR】14人完全撮りおろし,https://javdb.com/v/k4kOMe
DGCEMD-301,★配信限定！特典映像付★波多野心療内科 洗脳レズビアン療法で貴女のお悩み解決します。,https://javdb.com/v/xvkVg8
CEMD-301,波多野心療内科 洗脳レズビアン療法で貴女のお悩み解決します。,https://javdb.com/v/akD5QO
KIWVR-477,【VR】「ダメです…赤ちゃん出来ちゃうからぁぁ」【ゴム有専門店】のソープランドで大人気の凄テク美巨乳風俗嬢に【こっそりゴムを外して無許可で大量中出し！】危険日のムラムラ早漏マ○コをガン突きすると生ハメち○ぽと中出しの快楽で痙攣絶頂連発！… 波多野結衣,https://javdb.com/v/Vw1Q9Q
VRKM-873,【VR】宅配行ったらはたちゃん家だった！？官能的な腰使いとエッチな言葉で抜かれまくったミラクル筆おろし体験 波多野結衣,https://javdb.com/v/35Ovqz
DVDM-920,【FANZA限定】アナル舐められ波多野結衣 撮影前の発酵ケツ穴を嗅がれ舐めほじられリアル赤面イキ！！尻穴ヒクヒク丸出しで肛門クンニを求め…アナル舐めさせ新境地SEX！おしっこマン汁が染み込んだ肛門シワまで味わってほしいと願った 世界のデカ… パンティとブロマイド付き,https://javdb.com/v/K45qzO
BKD-302,母子交尾【上州月夜路】 波多野結衣,https://javdb.com/v/zKAvpy
MRHP-017,秘書がプリケツすぎて我慢できない！人妻であろうと関係なく社長命令と称して毎日中出し 波多野結衣,https://javdb.com/v/W1Z1AZ
DVDMS-920,アナル舐められ波多野結衣 撮影前の発酵ケツ穴を嗅がれ舐めほじられリアル赤面イキ！！尻穴ヒクヒク丸出しで肛門クンニを求め…アナル舐めさせ新境地SEX！おしっこマン汁が染み込んだ肛門シワまで味わってほしいと願った 世界のデカ尻レジェンド痴女,https://javdb.com/v/k4qw7N
NACX-116,くねらす絶品ボディ中出し14人VOL.05 パンティと生写真付き,https://javdb.com/v/d4dO70
